Metabolites,FC,pvalue
MEDL00369,1.074991871,0.245074564
MEDL00401,1.022864559,0.477643934
MEDL01837,1.065877374,0.623183159
MEDL01844,1.035203707,0.926603658
MEDL02211,1.307276471,0.80629434
MEDL02553,0.649691333,0.027126366
MEDL02681,0.925432785,0.346142115
MEDL02760,0.904360376,0.374566149
MEDN0007,0.933017696,0.297851148
MEDN0009,1.022221404,0.544859715
MEDN0019,0.916960551,0.050819934
MEDN0041,1.269499135,0.382196453
MEDN0046,1.031905714,0.514716071
MEDN0047,1.080088306,0.956694784
MEDN0049,1.035046945,0.578026129
MEDN0060,0.928918344,0.519726458
MEDN0062,0.864907687,0.196620537
MEDN0065,0.965761367,0.543335407
MEDN0086,0.930294867,0.197364648
MEDN0110,1.574424988,0.34865475
MEDN0113,1.20672189,0.374566149
MEDN0147,0.937831934,0.181821018
MEDN0153,1.073192722,0.601787685
MEDN0161,0.947599041,0.607800809
MEDN0202,1.048019633,0.370059559
MEDN0206,1.02340487,0.75663903
MEDN0210,0.894050414,0.244408699
MEDN0222,1.033603649,0.907049529
MEDN0226,0.977777296,0.260661083
MEDN0237,1.061627049,0.376013061
MEDN0239,1.233023261,0.023117401
MEDN0240,1.000833192,0.990269013
MEDN0245,0.827367623,0.434906531
MEDN0280,0.959208427,0.534074408
MEDN0283,1.122257576,0.967671743
MEDN0286,0.258062073,0.196620537
MEDN0290,0.938453342,0.557299943
MEDN0299,1.110794406,0.345418603
MEDN0301,1.186675215,0.9708894
MEDN0334,1.466888664,0.033668399
MEDN0340,0.908684026,0.544859715
MEDN0368,1.004924159,0.92380816
MEDN0385,0.92786007,0.747167778
MEDN0390,0.990937334,0.805018041
MEDN0410,1.015486607,0.711918529
MEDN0434,1.167736689,0.000168748
MEDN0439,1.140332369,0.2175033
MEDN0444,1.087730195,0.514716071
MEDN0463,1.172309817,0.000869083
MEDN0472,0.530664851,0.109777432
MEDN0496,1.155619227,0.046262666
MEDN0528,1.331213889,0.900557014
MEDN0533,1.334788783,0.973643994
MEDN0536,1.059512793,0.598654975
MEDN0541,0.977224677,0.859208101
MEDN0547,1.08093856,0.381295241
MEDN0554,0.922672066,0.204292352
MEDN0562,0.972287752,0.203923969
MEDN0570,1.136599744,0.166903611
MEDN0579,1.168908928,0.325118693
MEDN0586,1.117480359,0.284152063
MEDN0593,1.144729669,0.95093809
MEDN0602,1.073192722,0.601787685
MEDN0604,1.544404504,0.064895043
MEDN0609,1.237734958,0.473507843
MEDN0611,0.981410277,0.791509245
MEDN0616,0.98682805,0.629220917
MEDN0658,1.467337827,0.134171054
MEDN0704,0.992895381,0.689193472
MEDN0720,0.968722064,0.607800809
MEDN0729,0.200114764,1.42E-05
MEDN0745,0.660220844,0.023117401
MEDN0783,0.750942963,0.21780704
MEDN0818,1.153515413,0.226558917
MEDN0820,0.84017282,0.165250761
MEDN0826,1.147641275,0.516453195
MEDN0827,0.935701711,0.31772797
MEDN0843,0.972933916,0.607800809
MEDN1003,1.087730195,0.514716071
MEDN1005,0.957336241,0.383966453
MEDN1009,1.40123138,0.050527889
MEDN1012,1.094867699,0.281266052
MEDN1041,1.060929893,0.255455556
MEDN1052,1.02340487,0.75663903
MEDN1056,1.006082843,0.937121711
MEDN1064,1.469192557,0.486882455
MEDN1069,1.32202387,0.632432257
MEDN1077,1.565926478,0.200022493
MEDN1081,0.832882184,0.519726458
MEDN1104,2.080585287,0.623183159
MEDN1108,0.867296575,0.059800676
MEDN1112,1.040172392,0.650641461
MEDN1114,0.84017282,0.165250761
MEDN1121,0.975911009,0.691033078
MEDN1125,0.998039242,0.950483155
MEDN1126,1.510859347,0.119338101
MEDN1129,1.136599744,0.166903611
MEDN1141,2.080585287,0.623183159
MEDN1148,1.040172392,0.650641461
MEDN1200,0.854914884,0.544859715
MEDN1224,1.027439015,0.409874057
MEDN1226,1.153515413,0.226558917
MEDN1235,1.143981877,0.248810363
MEDN1246,0.948803608,0.200022493
MEDN1247,1.063788249,0.379727444
MEDN1264,1.157435308,0.468405096
MEDN1267,1.139528679,0.571183769
MEDN1269,0.984360752,0.781002008
MEDN1277,1.039965486,0.778628856
MEDN1283,1.000770287,0.985828694
MEDN1287,1.200041631,0.227249051
MEDN1311,0.804160971,0.17217119
MEDN1320,1.18544821,0.159841435
MEDN1329,1.728323081,0.35472323
MEDN1384,1.041578446,0.455845884
MEDN1400,1.128468753,0.598654975
MEDN1409,1.061966362,0.601787685
MEDN1410,1.036950735,0.356003909
MEDN1413,0.87944008,0.66471561
MEDN1417,1.078615238,0.552814951
MEDN1428,0.974141812,0.773620384
MEDN1475,1.026004891,0.676946953
MEDN1485,1.0309064,0.719229893
MEDN1496,0.853493155,0.134171054
MEDN1508,1.159234953,0.903233624
MEDN1518,1.022259414,0.833359222
MEDN1533,0.997973172,0.917444294
MEDN1534,0.895445962,0.310261044
MEDN1548,0.976920038,0.798228177
MEDN1554,1.047549267,0.318794721
MEDN1566,1.074383985,0.754990447
MEDN1597,0.933930366,0.195262257
MEDN1600,0.943003154,0.374618086
MEDN1613,0.999323471,0.950483155
MEDN1620,0.951908387,0.517438628
MEDN1643,1.012495872,0.88082776
MEDN1649,0.952794907,0.623183159
MEDN1656,1.041200908,0.347601175
MEDN1688,0.809976642,0.17217119
MEDN1690,1.202556733,0.419203002
MEDN1691,1.487472085,0.434906531
MEDN1709,1.130298692,0.486882455
MEDN1710,1.082851518,0.12461116
MEDP0002,0.971033998,0.822666203
MEDP0006,1.139251078,0.142107977
MEDP0007,1.207733768,0.023117401
MEDP0009,0.947881689,0.374481051
MEDP0011,0.891136668,0.150828709
MEDP0012,1.042078296,0.544859715
MEDP0016,0.948052909,0.613784298
MEDP0020,0.933370045,0.441753307
MEDP0026,0.897824652,0.034034334
MEDP0037,1.25018371,0.104408398
MEDP0039,1.085165843,0.47613799
MEDP0063,0.851316594,0.255455556
MEDP0066,0.941271581,0.480779698
MEDP0077,1.453945863,0.023892189
MEDP0078,0.963501364,0.441753307
MEDP0084,0.798092832,0.798524008
MEDP0086,1.039778188,0.784861764
MEDP0120,0.552391091,0.011774299
MEDP0125,1.061539266,0.570505314
MEDP0145,0.393772195,0.021623721
MEDP0146,0.952289864,0.434225414
MEDP0147,0.990112313,0.811031696
MEDP0148,0.438331331,0.016327956
MEDP0152,1.022006922,0.950483155
MEDP0154,1.041943667,0.386412011
MEDP0159,0.957046345,0.588648842
MEDP0165,0.920648302,0.798228177
MEDP0170,1.044773405,0.933440004
MEDP0174,0.999255683,0.990269013
MEDP0177,1.036473019,0.419203002
MEDP0178,0.989745522,0.94448875
MEDP0184,0.925574265,0.077122222
MEDP0242,0.850466581,0.134171054
MEDP0246,0.967889781,0.598994358
MEDP0250,0.576581736,0.084780974
MEDP0251,0.542366158,0.026709445
MEDP0277,1.059884152,0.98466114
MEDP0295,1.093957222,0.070704833
MEDP0296,1.111757825,0.151972801
MEDP0297,0.983412443,0.745390755
MEDP0299,0.972864585,0.16814955
MEDP0305,1.038588565,0.601787685
MEDP0307,0.840212975,0.249088312
MEDP0315,1.194260323,0.98466114
MEDP0318,1.054092885,0.495266356
MEDP0321,0.993637212,0.891542061
MEDP0325,0.976841765,0.632763917
MEDP0326,0.871024587,0.056229347
MEDP0336,0.965333196,0.66471561
MEDP0357,1.212722956,0.985828694
MEDP0380,1.133035669,0.03256779
MEDP0382,1.171234267,0.027126366
MEDP0384,1.078989233,0.273860329
MEDP0387,0.843478919,0.046262666
MEDP0389,1.0169073,0.532549374
MEDP0395,1.041314726,0.689193472
MEDP0401,0.992229456,0.991346835
MEDP0442,0.939318141,0.205567105
MEDP0453,0.952018214,0.386412011
MEDP0461,1.119572316,0.196620537
MEDP0518,0.774569753,0.812827243
MEDP0519,0.900208036,0.02685771
MEDP0529,1.03725932,0.520480588
MEDP0535,0.961105015,0.590047087
MEDP0545,0.890816956,0.454619286
MEDP0576,1.452283456,0.285864542
MEDP0598,0.966023392,0.475700603
MEDP0617,0.789702036,0.420724956
MEDP0627,0.906895224,0.196620537
MEDP0637,0.941153075,0.393845788
MEDP0658,0.967634369,0.858891254
MEDP0685,0.943128442,0.345127853
MEDP0792,0.905950011,0.056632171
MEDP0831,0.798092832,0.798524008
MEDP0881,1.005189769,0.926811168
MEDP0889,1.053304311,0.352456963
MEDP0891,0.882001357,0.342664188
MEDP0894,1.042813793,0.310298227
MEDP1002,1.032950473,0.676946953
MEDP1003,1.001314454,0.985828694
MEDP1020,1.389023255,0.730125211
MEDP1032,1.197015486,0.875437668
MEDP1033,0.997697654,0.9755273
MEDP1061,0.997288353,0.95093809
MEDP1062,0.953122613,0.480270698
MEDP1068,0.960184364,0.534858541
MEDP1072,1.119572316,0.196620537
MEDP1073,1.076652499,0.113097866
MEDP1077,1.040102869,0.928513088
MEDP1083,0.899248439,0.153004046
MEDP1096,0.950604231,0.54406969
MEDP1100,0.95799127,0.529039441
MEDP1127,0.943915029,0.480270698
MEDP1132,1.032950473,0.676946953
MEDP1144,0.938416935,0.392836615
MEDP1146,0.96051551,0.578011127
MEDP1161,0.959018989,0.623183159
MEDP1165,0.96051551,0.578011127
MEDP1171,1.085346516,0.474384451
MEDP1177,1.102879471,0.735524856
MEDP1178,1.004725411,0.985828694
MEDP1194,0.976361769,0.556353944
MEDP1196,0.893001421,0.17217119
MEDP1203,0.964488628,0.599136662
MEDP1211,1.061682124,0.334745451
MEDP1212,1.025845192,0.809550249
MEDP1221,0.968149735,0.334745451
MEDP1228,0.889206306,0.125885375
MEDP1234,1.313256744,0.829534938
MEDP1242,1.02883517,0.944792164
MEDP1243,0.245168474,0.944792164
MEDP1247,0.982577274,0.483730282
MEDP1251,1.014357627,0.944792164
MEDP1272,0.961406605,0.251213356
MEDP1273,1.020305416,0.906326575
MEDP1274,1.699645668,0.031832955
MEDP1298,0.993276263,0.983780629
MEDP1304,0.869656399,0.764346379
MEDP1331,0.960595086,0.877237844
MEDP1333,1.029791706,0.82042131
MEDP1343,0.968797688,0.74249072
MEDP1373,0.966377991,0.917444294
MEDP1394,1.016814159,0.816137101
MEDP1396,1.571474271,0.661233157
MEDP1400,1.215160751,0.146330819
MEDP1404,1.107050659,0.75569319
MEDP1408,1.251963605,0.598654975
MEDP1410,1.055134632,0.858891254
MEDP1415,1.369190885,0.082235755
MEDP1422,0.998237348,0.922538044
MEDP1431,0.893557081,0.45804289
MEDP1432,0.921269377,0.598654975
MEDP1433,0.954037832,0.393845788
MEDP1434,0.868107298,0.079605965
MEDP1449,0.591591003,0.000869083
MEDP1450,0.591591003,0.000869083
MEDP1465,0.918235194,0.080630617
MEDP1472,0.881107314,0.122387249
MEDP1479,0.393772195,0.021623721
MEDP1488,1.126612542,0.036582597
MEDP1490,0.908398866,0.263208695
MEDP1493,1.022448637,0.80629434
MEDP1500,1.05907984,0.519726458
MEDP1506,0.893413925,0.119338101
MEDP1507,0.920654309,0.711918529
MEDP1508,0.931146259,0.084842884
MEDP1511,0.987524625,0.878392843
MEDP1512,0.909462782,0.099257013
MEDP1516,1.131504081,0.519083175
MEDP1604,0.952335652,0.033976416
MEDP1614,1.065714384,0.310298227
MEDP1644,1.024087901,0.674831376
MEDP1654,1.022448637,0.80629434
MEDP1655,1.008900124,0.74249072
MEDP1657,0.916494948,0.080630617
MEDP1658,0.991881345,0.877237844
MEDP1659,0.96051551,0.578011127
MEDP1662,0.988067667,0.754990447
MEDP1663,1.076848685,0.144290826
MEDP1667,1.053463191,0.342035807
MEDP1686,1.002439611,0.98466114
MEDP1693,1.043629214,0.533031614
MEDP1695,0.972760127,0.650641461
MEDP1698,0.952226253,0.367354338
MEDP1705,1.081551721,0.383966453
MEDP1706,1.00829696,0.970802923
MEDP1713,1.18061209,0.020562473
MEDP1717,1.023612734,0.499633243
MEDP1723,1.045919816,0.480382168
MEDP1744,1.008838343,0.677858846
MEDP1749,0.973375663,0.543335407
MEDP1750,1.015596324,0.859208101
MEDP1762,1.251775871,0.827879265
MEDP1778,0.896855602,0.031832955
MEDP1779,0.928098857,0.385485115
MEDP1780,1.005127428,0.999382093
MEDP1786,1.426928695,0.000726633
MEDP1787,1.148976279,0.050527889
MEDP1788,1.007909017,0.876142979
MEDP1799,0.967962608,0.659602196
MEDP1802,0.748493,0.480270698
MEDP1853,0.985168684,0.598654975
MEDP1860,0.930777981,0.483730282
MEDP1871,0.930485692,0.519726458
MEDP1884,1.063285715,0.858891254
MEDP1885,0.56030647,0.005372783
MEDP1897,1.272702027,0.45804289
MEDP1898,0.996051627,0.849819808
MEDP1913,1.306158958,0.95093809
MEDP1914,1.043027708,0.557299943
MEDP1915,1.102260689,0.370059559
MEDP1917,1.399592938,0.029233394
MEDP1919,0.670030915,0.006376171
MEDP1921,1.43609201,0.023117401
MEDP1923,1.063375065,0.699383297
MEDP1928,0.743597569,0.023117401
MEDP1929,1.035086503,0.914764026
MEDP1940,0.942191527,0.577265456
MEDP1942,0.839286186,0.74249072
MEDP1961,1.056515456,0.623183159
MEDP1973,0.769240103,0.474947207
MEDP1993,0.993003313,0.937121711
MEDP1996,1.022275707,0.883502931
MEDP2001,1.038708525,0.733632762
MEDP2003,1.023745458,0.614441476
MEDP2007,1.199892469,0.143146474
MEDP2017,1.040118603,0.655135564
MEDP2038,1.099441018,0.179509044
MW0001163,1.009974055,0.514716071
MW0001486,0.999173748,0.916969518
MW0001675,0.888842003,0.205967819
MW0002271,1.026765138,0.170355648
MW0002401,0.777386887,0.158518292
MW0002432,0.92558851,0.535935751
MW0002893,0.919729874,0.885612387
MW0003249,0.970072872,0.916969518
MW0003729,0.946105544,0.393845788
MW0004159,1.252809587,0.80629434
MW0006078,0.9946783,0.913069256
MW0006470,1.021759219,0.990269013
MW0006821,0.96900743,0.264167096
MW0006886,1.171611886,0.782668348
MW0007831,0.980996528,0.949428696
MW0008652,1.066722123,0.630122211
MW0009655,0.954859669,0.967671743
MW0009863,0.332028101,0.107147932
MW0010040,0.994736048,0.891542061
MW0010601,3.22220398,0.163272625
MW0011071,1.043761074,0.985828694
MW0011450,1.137307435,0.75569319
MW0011786,0.9841924,0.950483155
MW0011795,0.975313808,0.655135564
MW0011811,0.905557816,0.122387249
MW0011847,1.170765668,0.916780364
MW0011892,0.944700233,0.47042651
MW0012078,1.082648347,0.276563591
MW0012469,1.056112103,0.578011127
MW0012516,1.011933256,0.61391399
MW0012552,0.942209105,0.743233584
MW0012622,0.955562115,0.743048666
MW0012793,1.142719822,0.434225414
MW0012926,1.069644193,0.607800809
MW0013300,0.952182665,0.184643482
MW0013469,0.779874635,0.312447246
MW0013502,1.039926551,0.370567127
MW0013514,0.956048539,0.598654975
MW0013829,0.65254934,0.056632171
MW0014060,0.964166857,0.607800809
MW0014265,1.025681442,0.973411539
MW0014865,1.010867962,0.659565487
MW0014866,0.86679058,0.386412011
MW0015657,0.985512254,0.676946953
MW0016030,1.150552425,0.374481051
MW0017104,1.009863565,0.834845259
MW0052373,0.911535306,0.673690121
MW0053527,0.98108749,0.798228177
MW0053901,0.964649724,0.578011127
MW0054028,1.168567632,0.374618086
MW0054155,1.001734402,0.973411539
MW0054358,0.922407878,0.536070349
MW0054671,1.246663827,0.074178136
MW0054786,1.056490073,0.60416929
MW0054976,1.189323216,0.271986962
MW0055025,0.867321264,0.134171054
MW0055136,0.833694919,0.195744299
MW0055215,1.104684681,0.88082776
MW0055411,0.922756486,0.258322293
MW0055436,0.799266734,0.134171054
MW0055444,1.17455401,0.798228177
MW0055479,1.06752581,0.427649418
MW0061026,0.945373107,0.474825877
MW0062166,0.858261512,0.327184118
MW0062212,1.206260236,0.296373065
MW0062242,1.236805621,0.074186956
MW0062275,0.926384935,0.486882455
MW0063590,0.958756869,0.697437904
MW0063665,1.07209598,0.597773095
MW0063708,0.983305202,0.676946953
MW0102841,1.053449012,0.433474073
MW0102908,1.293663165,0.232455866
MW0103361,1.061844761,0.750998034
MW0104208,0.769288815,0.218639173
MW0104272,1.031840003,0.546952885
MW0104373,1.191074725,0.271563484
MW0104474,0.91275787,0.415636293
MW0105037,0.931584507,0.364398617
MW0105209,1.092331136,0.47042651
MW0105933,1.006331934,0.944792164
MW0106007,0.313005241,0.9708894
MW0107624,0.99479689,0.953709185
MW0107746,0.955084805,0.161264417
MW0108414,0.971145477,0.623183159
MW0108435,1.003936215,0.859867259
MW0109000,0.981256474,0.625447272
MW0109414,0.942498754,0.474384451
MW0109691,0.989572012,0.650641461
MW0109751,0.809126917,0.013601531
MW0109785,1.018440501,0.946746705
MW0110009,0.882495517,0.857759129
MW0110487,0.98250745,0.973265613
MW0110742,1.322119721,0.000869083
MW0111083,0.960730599,0.88082776
MW0111911,1.019004643,0.598654975
MW0112752,1.164161585,0.004978897
MW0112859,0.976270461,0.16814955
MW0112918,0.999094293,0.985828694
MW0113261,1.111905525,0.676946953
MW0113283,1.212143363,0.429239371
MW0114282,0.589339007,0.008395923
MW0114590,0.994313798,0.926603658
MW0115062,1.004547887,0.947508225
MW0115063,1.099492921,0.409874057
MW0117075,0.970559185,0.985828694
MW0117159,1.007995725,0.990269013
MW0117278,0.99316214,0.940501509
MW0119585,0.77165318,0.130597398
MW0120946,0.894284414,0.020562473
MW0123240,0.979669709,0.598654975
MW0124205,0.98780487,0.809021985
MW0124439,0.907326771,0.263208695
MW0124804,0.600642574,0.011018052
MW0125788,1.061858508,0.519726458
MW0126226,0.992532098,0.934727346
MW0126293,1.004212301,0.833780499
MW0126453,0.991318846,0.974505845
MW0126515,1.173517186,0.998357666
MW0126592,0.93141381,0.319544699
MW0126843,1.039207314,0.987490382
MW0127248,1.084066615,0.334745451
MW0129025,0.841203213,0.768787152
MW0129353,0.616869211,0.566602426
MW0133375,1.02886529,0.543335407
MW0136716,0.996630573,0.905309236
MW0137431,0.658050012,0.420724956
MW0137676,0.999577148,0.950483155
MW0138026,1.035423701,0.822666203
MW0138455,1.072423024,0.926603658
MW0138478,1.030731025,0.578011127
MW0139075,0.814498057,0.024400251
MW0139396,1.030432861,0.744398775
MW0139445,0.904717584,0.181821018
MW0139667,0.992905821,0.98466114
MW0140262,1.091012389,0.34865475
MW0141286,0.950153869,0.342035807
MW0141401,0.990423542,0.897690501
MW0141409,0.921336842,0.144925425
MW0141493,1.00641121,0.953733532
MW0141511,1.092465328,0.981647387
MW0141512,0.981266683,0.937121711
MW0141675,1.2599103,0.202897674
MW0141934,1.033115644,0.651944177
MW0142027,0.826409932,0.128110269
MW0142145,0.774071166,0.012527676
MW0142150,1.125418231,0.759693913
MW0142222,0.904846021,0.179509044
MW0142323,0.940579514,0.197029185
MW0142596,0.990782949,0.880333574
MW0142606,0.842489063,0.937423687
MW0142653,0.951809581,0.557299943
MW0142794,1.145806408,0.598654975
MW0143225,0.795789973,0.031112209
MW0143248,0.975657396,0.578026129
MW0143259,0.979072799,0.598654975
MW0143459,1.13829001,0.263208695
MW0143559,0.963717595,0.578058503
MW0143603,1.00980722,0.859208101
MW0143686,1.010635351,0.9708894
MW0143809,0.972293912,0.429196872
MW0143925,0.98931678,0.733632762
MW0143996,0.822614494,0.021899609
MW0144508,1.021872058,0.881858352
MW0145437,1.071589936,0.539915742
MW0145509,1.005789849,0.950483155
MW0145670,0.96685542,0.58732457
MW0146186,0.950147111,0.346142115
MW0146518,1.040604142,0.776458728
MW0146836,1.010154323,0.749883946
MW0147536,0.979523906,0.137707669
MW0147733,1.093647315,0.858429279
MW0148349,1.007833378,0.849801486
MW0148533,1.103979939,0.772107768
MW0148611,1.03080111,0.822666203
MW0149268,0.816385222,0.386412011
MW0149546,0.71424252,0.158518292
MW0150666,1.003523309,0.88082776
MW0151417,0.992745194,0.88082776
MW0151905,0.957797539,0.683057031
MW0151906,1.023705927,0.876142979
MW0151926,0.975110899,0.413602883
MW0152097,0.937344,0.27538468
MW0152206,1.050682256,0.504586371
MW0152284,1.245013248,0.288499923
MW0152405,1.026299774,0.928043801
MW0152499,1.116735191,0.393845788
MW0152851,0.856403039,0.006376171
MW0153068,0.935974886,0.973265613
MW0153318,1.001199574,0.949428696
MW0153324,1.016881951,0.74312981
MW0154670,0.980443818,0.73727137
MW0154983,0.914770712,0.225975115
MW0155305,0.999495859,0.925995352
MW0155360,0.975658406,0.823138185
MW0155841,1.012436658,0.916780364
MW0156900,0.981596512,0.501497485
MW0157368,0.977658989,0.764943038
MW0157398,0.870702243,0.02674198
MW0157690,1.022729845,0.893327606
MW0158236,1.043621368,0.985358518
MW0158878,1.047641529,0.607800809
MW0159042,0.994219454,0.947508225
MW0159195,0.905288588,0.189893445
MW0160615,0.959823209,0.382894655
MW0161530,1.391873872,0.028178675
MW0162175,1.004806155,0.917444294
MW0162981,0.968810408,0.566602426
MW0164178,0.94561401,0.459591608
MW0164379,1.763557055,0.064895043
MW0168173,1.064835885,0.365880908
MW0168907,1.123318387,0.719291388
MW0170035,1.332791348,0.834125489
LIPID-N-0005,1.002106979,0.950483155
LIPID-N-0006,1.560862007,0.012527676
LIPID-N-0010,1.148705764,0.377773602
LIPID-N-0012,1.218844912,0.374566149
LIPID-N-0013,1.160384246,0.31772797
LIPID-N-0015,1.065371709,0.563984359
LIPID-N-0016,0.838298126,0.172449325
LIPID-N-0026,0.791195117,0.719229893
LIPID-N-0032,0.978585156,0.702066603
LIPID-N-0056,1.369497183,0.926603658
LIPID-N-0062,1.070089817,0.725801199
LIPID-N-0067,0.993349419,0.885935478
LIPID-N-0071,1.030882445,0.875437668
LIPID-N-0072,1.00277616,0.996389171
LIPID-N-0073,1.015016998,0.860536275
LIPID-N-0074,0.990660625,0.775296592
LIPID-N-0075,0.97171662,0.494238898
LIPID-N-0079,0.880748908,0.100427931
LIPID-N-0082,1.223025215,0.658127617
LIPID-N-0084,1.060381132,0.950483155
LIPID-N-0086,1.05296618,0.798228177
LIPID-N-0090,1.006315907,0.798228177
LIPID-N-0091,1.081378789,0.864700179
LIPID-N-0094,1.134759753,0.926603658
LIPID-N-0095,0.967113366,0.971499966
LIPID-N-0098,1.068728084,0.704636975
LIPID-N-0099,1.109180144,0.699188207
LIPID-N-0100,1.01299262,0.904056428
LIPID-N-0102,1.033872931,0.970802923
LIPID-N-0104,0.92539417,0.544859715
LIPID-N-0105,0.965079141,0.598654975
LIPID-N-0108,0.96593508,0.509331249
LIPID-N-0109,0.963557853,0.483730282
LIPID-N-0110,0.812114726,0.021899609
LIPID-N-0111,0.852671636,0.044686154
LIPID-N-0112,0.911816515,0.084780974
LIPID-N-0119,1.028462887,0.630122211
LIPID-N-0122,1.00765347,0.859208101
LIPID-N-0124,1.076219758,0.543335407
LIPID-N-0127,0.899029692,0.196620537
LIPID-N-0129,0.972287866,0.81958228
LIPID-N-0131,0.953268549,0.598654975
LIPID-N-0132,0.93731432,0.75663903
LIPID-N-0134,1.021917847,0.87134324
LIPID-N-0136,0.994664345,0.544859715
LIPID-N-0138,0.930814828,0.42208403
LIPID-N-0139,1.037591406,0.708917698
LIPID-N-0140,1.038028876,0.711918529
LIPID-N-0141,1.021333202,0.953709185
LIPID-N-0142,0.976782469,0.743048666
LIPID-N-0143,0.971003731,0.669264745
LIPID-N-0144,0.962835084,0.534074408
LIPID-N-0147,1.190006728,0.200022493
LIPID-N-0148,1.0245624,0.916969518
LIPID-N-0149,0.978735903,0.985828694
LIPID-N-0150,0.979569309,0.98466114
LIPID-N-0151,1.027703995,0.822666203
LIPID-N-0152,1.018681086,0.859208101
LIPID-N-0154,0.933336251,0.566602426
LIPID-N-0155,1.109283617,0.346142115
LIPID-N-0157,0.957163527,0.88082776
LIPID-N-0158,1.109543142,0.379727444
LIPID-N-0159,1.051321009,0.578011127
LIPID-N-0161,1.021829646,0.793438108
LIPID-N-0162,1.15933061,0.320263429
LIPID-N-0163,0.998135139,0.598654975
LIPID-N-0164,1.116883744,0.483730282
LIPID-N-0165,0.98692542,0.81958228
LIPID-N-0167,0.905517297,0.297100364
LIPID-N-0170,1.041512884,0.365880908
LIPID-N-0175,1.049595732,0.75663903
LIPID-N-0176,0.947106785,0.657406389
LIPID-N-0178,1.05948723,0.82042131
LIPID-N-0179,1.081860378,0.655510441
LIPID-N-0180,0.981155418,0.930358339
LIPID-N-0181,1.081421538,0.324110551
LIPID-N-0187,0.997159266,0.999382093
LIPID-N-0217,1.006003627,0.879722472
LIPID-N-0230,1.064060597,0.403988776
LIPID-N-0234,0.91699682,0.029584722
LIPID-N-0235,0.946419998,0.309093164
LIPID-N-0239,1.042685136,0.626824843
LIPID-N-0240,0.901622098,0.080630617
LIPID-N-0254,0.942419183,0.281240288
LIPID-N-0260,0.939079107,0.726783202
LIPID-N-0262,1.076893696,0.598994358
LIPID-N-0270,0.849494743,0.052961348
LIPID-N-0271,0.968403712,0.72428522
LIPID-N-0274,1.017975836,0.745390755
LIPID-N-0276,0.997376007,0.415636293
LIPID-N-0285,0.988451025,0.944792164
LIPID-N-0287,0.844958638,0.15545633
LIPID-N-0292,0.991214298,0.483730282
LIPID-N-0304,0.888907936,0.070365541
LIPID-N-0320,0.842195302,0.027126366
LIPID-N-0323,1.119789958,0.533031614
LIPID-N-0334,0.995347242,0.933440004
LIPID-N-0335,1.021060575,0.54406969
LIPID-N-0350,0.893508344,0.291485025
LIPID-N-0352,0.937160609,0.594996621
LIPID-N-0353,0.812264921,0.043484435
LIPID-N-0354,1.03269604,0.598654975
LIPID-N-0355,0.903952645,0.409874057
LIPID-N-0365,0.951166011,0.671879511
LIPID-N-0368,0.866568471,0.249116205
LIPID-N-0369,1.023173863,0.877237844
LIPID-N-0370,0.928765552,0.459591608
LIPID-N-0371,0.813382994,0.229234483
LIPID-N-0372,0.920809625,0.393845788
LIPID-N-0373,0.893953122,0.369104818
LIPID-N-0382,0.753445334,0.143146474
LIPID-N-0383,0.948618942,0.603559559
LIPID-N-0387,0.912006148,0.367354338
LIPID-N-0388,0.969602814,0.985828694
LIPID-N-0397,0.959274538,0.460233932
LIPID-N-0398,0.793196313,0.089376135
LIPID-N-0400,0.928895592,0.302585485
LIPID-N-0401,1.073317499,0.864700179
LIPID-N-0402,0.904312778,0.623183159
LIPID-N-0403,0.972638907,0.494238898
LIPID-N-0406,1.092747919,0.719229893
LIPID-N-0413,0.903280249,0.281266052
LIPID-N-0414,0.847512056,0.070437597
LIPID-N-0417,1.064841134,0.307497335
LIPID-N-0421,0.794392349,0.011774299
LIPID-N-0432,0.991798797,0.921554486
LIPID-N-0433,0.850670828,0.197029185
LIPID-N-0435,0.797409245,0.197029185
LIPID-N-0438,0.929822996,0.428098309
LIPID-N-0440,0.836290364,0.113097866
LIPID-N-0442,0.982888017,0.739899955
LIPID-N-0446,1.010064858,0.578011127
LIPID-N-0447,0.771183347,0.03193561
LIPID-N-0449,0.984073621,0.764943038
LIPID-N-0453,0.912562328,0.419203002
LIPID-N-0455,0.944227332,0.610474769
LIPID-N-0469,1.028080309,0.700282384
LIPID-N-0471,0.914809853,0.393845788
LIPID-N-0475,1.2028274,0.448253299
LIPID-N-0478,1.056997865,0.598654975
LIPID-N-0479,0.999595846,0.534653513
LIPID-N-0480,0.964801536,0.603559559
LIPID-N-0482,0.925945201,0.500726107
LIPID-N-0490,1.080399657,0.759693913
LIPID-N-0491,1.095428369,0.33374938
LIPID-N-0493,1.013023162,0.83625191
LIPID-N-0494,1.032522047,0.991346835
LIPID-N-0495,0.960150135,0.543335407
LIPID-N-0496,0.935981338,0.637049585
LIPID-N-0502,0.873585411,0.213774941
LIPID-N-0508,0.944102697,0.480270698
LIPID-N-0509,1.011024864,0.985828694
LIPID-N-0514,0.848842396,0.165250761
LIPID-N-0521,0.836117746,0.196620537
LIPID-N-0522,1.087426119,0.676382128
LIPID-N-0523,1.055543045,0.664138774
LIPID-N-0524,0.928497545,0.296373065
LIPID-N-0528,1.024210925,0.906326575
LIPID-N-0529,0.974274866,0.834034925
LIPID-N-0538,0.929289489,0.494238898
LIPID-N-0544,1.018200241,0.822666203
LIPID-N-0551,0.989244325,0.721981108
LIPID-N-0579,1.013747684,0.534858541
LIPID-N-0589,0.944684282,0.409874057
LIPID-N-0602,1.078511662,0.310298227
LIPID-N-0611,1.022685027,0.95093809
LIPID-N-0615,1.125983756,0.393845788
LIPID-N-0618,0.996346588,0.878392843
LIPID-N-0619,1.076563412,0.377540215
LIPID-N-0633,0.993081531,0.875301281
LIPID-N-0639,0.917785294,0.373507104
LIPID-N-0643,0.885728209,0.143309076
LIPID-N-0647,0.808551476,0.004978897
LIPID-N-0650,0.95325439,0.369104818
LIPID-P-0001,1.021156452,0.762429869
LIPID-P-0002,1.075205726,0.534292131
LIPID-P-0003,0.993304684,0.657406389
LIPID-P-0004,0.979382831,0.719229893
LIPID-P-0005,0.926990745,0.310201957
LIPID-P-0006,1.149035097,0.505361119
LIPID-P-0007,1.111143866,0.875301281
LIPID-P-0008,0.953430941,0.544859715
LIPID-P-0009,1.084209144,0.543335407
LIPID-P-0010,1.169004497,0.623183159
LIPID-P-0011,1.043136527,0.483730282
LIPID-P-0012,0.890835483,0.3482336
LIPID-P-0013,1.204788861,0.486882455
LIPID-P-0014,1.165407482,0.491903348
LIPID-P-0015,0.966919134,0.320227094
LIPID-P-0016,1.102608262,0.598350679
LIPID-P-0017,1.144112368,0.386412011
LIPID-P-0018,0.698332416,0.07555336
LIPID-P-0019,1.031165594,0.491382582
LIPID-P-0020,1.000724575,0.344054377
LIPID-P-0021,1.076750506,0.468405096
LIPID-P-0022,1.113336071,0.557299943
LIPID-P-0023,0.964399136,0.542475577
LIPID-P-0024,1.00585191,0.88082776
LIPID-P-0025,1.043463962,0.859208101
LIPID-P-0026,1.171909117,0.533031614
LIPID-P-0027,0.966531074,0.659602196
LIPID-P-0028,0.927740808,0.226558917
LIPID-P-0029,1.082054738,0.859208101
LIPID-P-0030,1.015928941,0.764138738
LIPID-P-0031,0.895578288,0.365880908
LIPID-P-0032,0.889239887,0.309819879
LIPID-P-0033,1.085889443,0.68332506
LIPID-P-0034,0.935259386,0.477643934
LIPID-P-0035,1.201580524,0.543335407
LIPID-P-0036,1.084312803,0.937423687
LIPID-P-0037,1.28255307,0.346142115
LIPID-P-0038,1.16306412,0.543335407
LIPID-P-0039,1.306116576,0.098502121
LIPID-P-0042,1.128846337,0.334745451
LIPID-P-0045,1.230902576,0.434906531
LIPID-P-0046,1.031277307,0.973643994
LIPID-P-0047,1.281218576,0.362764879
LIPID-P-0048,1.359815491,0.152265318
LIPID-P-0049,1.123915949,0.179509044
LIPID-P-0050,1.176225269,0.059461924
LIPID-P-0051,1.274170071,0.671879511
LIPID-P-0052,1.028784922,0.366069743
LIPID-P-0054,1.107845993,0.883726594
LIPID-P-0056,1.031329654,0.567407688
LIPID-P-0057,0.949298587,0.370059559
LIPID-P-0064,1.152210817,0.232455866
LIPID-P-0066,1.017760448,0.714953952
LIPID-P-0073,0.968458164,0.500014438
LIPID-P-0077,1.030752334,0.985828694
LIPID-P-0079,1.110260021,0.281240288
LIPID-P-0095,0.987054384,0.839240541
LIPID-P-0105,0.827380965,0.023892189
LIPID-P-0106,0.817267863,0.080630617
LIPID-P-0107,1.090202269,0.82042131
LIPID-P-0111,0.936735749,0.365880908
LIPID-P-0113,0.980684969,0.626824843
LIPID-P-0120,1.004000132,0.920257532
LIPID-P-0121,0.978174314,0.822666203
LIPID-P-0122,0.928345174,0.486882455
LIPID-P-0124,1.011166286,0.973265613
LIPID-P-0137,0.93050942,0.297372161
LIPID-P-0139,0.847786217,0.070437597
LIPID-P-0142,0.996900807,0.967671743
LIPID-P-0159,0.943628286,0.444685652
LIPID-P-0161,0.77213936,0.053761267
LIPID-P-0162,1.009733114,0.935630376
LIPID-P-0169,1.036742649,0.16814955
LIPID-P-0171,1.038124961,0.195262257
LIPID-P-0182,1.136224571,0.659565487
LIPID-P-0188,1.014797365,0.652573691
LIPID-P-0196,0.8873814,0.229234483
LIPID-P-0201,0.879029197,0.125885375
LIPID-P-0213,0.982577743,0.626824843
LIPID-P-0214,0.82245383,0.104787054
LIPID-P-0217,0.765288657,0.043484435
LIPID-P-0218,0.873328468,0.27010517
LIPID-P-0224,0.883740201,0.379727444
LIPID-P-0225,0.860963449,0.218639173
LIPID-P-0229,0.817135488,0.089575006
LIPID-P-0239,0.90293194,0.601787685
LIPID-P-0240,0.816440411,0.120485207
LIPID-P-0243,0.845464863,0.098771462
LIPID-P-0247,0.869146396,0.346142115
LIPID-P-0251,0.808819435,0.272230352
LIPID-P-0252,0.833244165,0.310570655
LIPID-P-0259,0.822400025,0.210416616
LIPID-P-0260,0.943655329,0.415636293
LIPID-P-0261,0.789977524,0.108949542
LIPID-P-0269,0.735554713,0.035642287
LIPID-P-0271,0.71795796,0.056229347
LIPID-P-0274,1.030154771,0.393845788
LIPID-P-0275,1.073171484,0.218639173
LIPID-P-0276,1.036722907,0.381028299
LIPID-P-0302,1.014654131,0.881858352
LIPID-P-0303,0.953847108,0.598654975
LIPID-P-0304,0.917417738,0.474947207
LIPID-P-0306,0.872857501,0.175312045
LIPID-P-0331,0.833661811,0.080094555
LIPID-P-0332,0.995794339,0.971499966
LIPID-P-0334,1.054087214,0.691892367
LIPID-P-0351,0.961223937,0.598654975
LIPID-P-0357,0.934770857,0.184643482
LIPID-P-0359,0.970122317,0.623183159
LIPID-P-0361,0.990307339,0.733632762
LIPID-P-0364,1.008390987,0.849819808
LIPID-P-0365,1.093559129,0.236603627
LIPID-P-0367,0.93035534,0.623183159
LIPID-P-0372,0.963095679,0.655135564
LIPID-P-0375,1.370876441,0.198426501
LIPID-P-0377,1.248042018,0.020562473
LIPID-P-0378,0.919687919,0.250616729
LIPID-P-0382,1.101635366,0.184643482
LIPID-P-0387,1.16060037,0.200351736
LIPID-P-0393,0.562849786,0.000726633
LIPID-P-0394,0.936379682,0.346142115
LIPID-P-0395,0.927079136,0.443656564
LIPID-P-0396,1.011692433,0.88082776
LIPID-P-0397,1.002196834,0.928043801
LIPID-P-0399,1.009572542,0.907049529
LIPID-P-0400,1.009032088,0.930358339
LIPID-P-0401,1.014292877,0.859208101
LIPID-P-0403,0.974379481,0.652573691
LIPID-P-0404,1.027649991,0.950483155
LIPID-P-0405,1.06090702,0.691892367
LIPID-P-0423,0.938502327,0.623183159
LIPID-P-0425,1.094163278,0.500930758
LIPID-P-0438,1.014155505,0.973265613
LIPID-P-0440,0.934323364,0.337123297
LIPID-P-0441,1.069296671,0.534074408
LIPID-P-0445,0.956495845,0.468405096
LIPID-P-0455,0.975243155,0.567195181
LIPID-P-0471,1.144133555,0.68441948
LIPID-P-0473,1.070143731,0.601787685
LIPID-P-0474,1.100165448,0.031832955
LIPID-P-0475,1.006076606,0.99424282
LIPID-P-0476,0.908209239,0.092249418
LIPID-P-0477,0.887030842,0.084780974
LIPID-P-0480,1.114020805,0.500726107
LIPID-P-0482,1.036709114,0.459591608
LIPID-P-0486,1.087745259,0.268244696
LIPID-P-0487,1.125679634,0.45804289
LIPID-P-0491,0.869869476,0.031112209
LIPID-P-0492,0.917493237,0.025264389
LIPID-P-0495,0.921064336,0.318794721
LIPID-P-0496,0.967796764,0.601787685
LIPID-P-0497,0.867205148,0.082235755
LIPID-P-0499,0.918214693,0.196620537
LIPID-P-0503,1.074125677,0.334745451
LIPID-P-0504,1.125406357,0.196620537
LIPID-P-0509,0.991610944,0.858891254
LIPID-P-0510,0.977050415,0.694740214
LIPID-P-0512,1.143989578,0.080630617
LIPID-P-0513,1.068650741,0.613860221
LIPID-P-0514,1.044094656,0.598654975
LIPID-P-0519,1.241254381,0.05591087
LIPID-P-0520,0.906312245,0.296373065
LIPID-P-0521,0.902332303,0.320895564
LIPID-P-0524,0.9470956,0.342664188
LIPID-P-0525,0.97761076,0.554756486
LIPID-P-0528,1.130560073,0.342664188
LIPID-P-0530,1.045235383,0.735524856
LIPID-P-0531,0.89909147,0.320263429
LIPID-P-0532,1.026201197,0.66793079
LIPID-P-0533,0.960391004,0.645915907
LIPID-P-0535,0.833013921,0.01644001
LIPID-P-0536,0.882501088,0.101726592
LIPID-P-0537,0.971981502,0.88082776
LIPID-P-0538,1.019075371,0.747972744
LIPID-P-0543,0.882108958,0.080630617
LIPID-P-0544,0.817591903,0.016327956
LIPID-P-0545,0.828558603,0.026709445
LIPID-P-0546,0.879532371,0.081852923
LIPID-P-0547,1.016279585,0.930358339
LIPID-P-0548,1.091308375,0.531384295
LIPID-P-0549,0.945775082,0.534074408
LIPID-P-0550,0.863370464,0.191104252
LIPID-P-0551,0.858917531,0.170355648
LIPID-P-0553,0.576744506,0.005093677
LIPID-P-0554,0.913026119,0.080630617
LIPID-P-0555,0.895735653,0.188455032
LIPID-P-0556,1.015465257,0.677858846
LIPID-P-0557,1.078088146,0.374618086
LIPID-P-0558,1.12468683,0.089098807
LIPID-P-0559,0.981537494,0.833359222
LIPID-P-0560,0.982145791,0.75663903
LIPID-P-0561,0.972909307,0.460233932
LIPID-P-0562,1.133729162,0.173563147
LIPID-P-0563,1.144327243,0.106669885
LIPID-P-0564,0.843757239,0.098502121
LIPID-P-0565,0.904436729,0.260661083
LIPID-P-0566,0.985355365,0.768571707
LIPID-P-0567,1.048047028,0.623183159
LIPID-P-0568,0.8664327,0.063472878
LIPID-P-0569,0.897072276,0.195262257
LIPID-P-0577,1.145727563,0.431079482
LIPID-P-0578,1.099439021,0.623183159
LIPID-P-0580,0.961728607,0.544859715
LIPID-P-0581,0.874118817,0.19652752
LIPID-P-0585,0.939060523,0.557299943
LIPID-P-0586,0.910760995,0.344054377
LIPID-P-0587,0.925631268,0.373352712
LIPID-P-0588,0.881924696,0.184643482
LIPID-P-0595,0.981639427,0.543335407
LIPID-P-0603,0.938285543,0.623183159
LIPID-P-0610,0.981822264,0.557299943
LIPID-P-0612,1.013499772,0.866734506
LIPID-P-0617,0.910916736,0.676946953
LIPID-P-0618,0.932822794,0.566602426
LIPID-P-0623,0.891509138,0.16814955
LIPID-P-0626,0.910018927,0.207458773
LIPID-P-0629,0.862290069,0.158518292
LIPID-P-0630,0.85931689,0.064895043
LIPID-P-0631,0.808925129,0.037967442
LIPID-P-0637,0.823755994,0.034034334
LIPID-P-0640,0.816994926,0.019002569
LIPID-P-0642,0.817052924,0.021623721
LIPID-P-0647,0.774382028,0.00359506
LIPID-P-0648,0.658506865,0.007202131
LIPID-P-0649,0.797903508,0.034026997
LIPID-P-0650,0.842508938,0.055573956
LIPID-P-0652,0.838072404,0.020562473
LIPID-P-0654,0.789946266,0.020562473
LIPID-P-0657,0.854282356,0.195262257
LIPID-P-0658,0.783643095,0.006376171
LIPID-P-0660,0.78035094,0.013545217
LIPID-P-0661,1.007721428,0.819666003
LIPID-P-0662,0.777107979,0.008473737
LIPID-P-0663,0.894761836,0.189893445
LIPID-P-0664,0.826889298,0.050527889
LIPID-P-0727,0.985402519,0.31772797
LIPID-P-0728,0.931287065,0.281266052
LIPID-P-0729,0.853578771,0.043484435
LIPID-P-0730,1.048632167,0.519726458
LIPID-P-0731,0.983766463,0.897690501
LIPID-P-0732,0.958451015,0.499884921
LIPID-P-0734,0.7612873,0.006376171
LIPID-P-0735,0.97925436,0.297372161
LIPID-P-0736,0.855990221,0.050527889
LIPID-P-0737,0.890093959,0.122387249
LIPID-P-0738,1.038329428,0.309093164
LIPID-P-0739,0.921585291,0.227249051
LIPID-P-0740,0.962671577,0.480382168
LIPID-P-0741,0.947909562,0.429239371
LIPID-P-0742,0.882467979,0.033039549
LIPID-P-0743,0.78276882,0.004978897
LIPID-P-0744,0.869527841,0.034034334
LIPID-P-0745,0.833896528,0.015104709
LIPID-P-0746,0.87482273,0.043484435
LIPID-P-0748,0.875165593,0.039707056
LIPID-P-0749,0.981058358,0.798228177
LIPID-P-0750,0.999924386,0.967671743
LIPID-P-0751,0.881993692,0.038594654
LIPID-P-0752,0.965914186,0.499884921
LIPID-P-0754,1.010742482,0.944792164
LIPID-P-0755,0.830364487,0.16814955
LIPID-P-0756,0.922218307,0.184643482
LIPID-P-0757,0.883115368,0.078808503
LIPID-P-0758,1.097669547,0.203515414
LIPID-P-0759,1.006513743,0.985828694
LIPID-P-0760,1.038912968,0.75663903
LIPID-P-0761,0.885202604,0.051272843
LIPID-P-0762,0.887749552,0.071782602
LIPID-P-0763,1.020459687,0.753812451
LIPID-P-0764,0.902436953,0.197029185
LIPID-P-0765,1.102178857,0.079605965
LIPID-P-0766,1.008986321,0.875437668
LIPID-P-0767,1.156017307,0.064895043
LIPID-P-0768,0.93036346,0.279045259
LIPID-P-0769,0.891312501,0.429196872
LIPID-P-0771,0.510134279,0.647055101
LIPID-P-0772,0.790153673,0.168561539
LIPID-P-0773,0.830812745,0.334745451
LIPID-P-0777,1.002274743,0.186723836
LIPID-P-0780,1.067498056,0.590047087
LIPID-P-0782,1.0208944,0.274851465
LIPID-P-0783,0.884351649,0.174373505
LIPID-P-0784,0.989187363,0.215439854
LIPID-P-0785,1.097019788,0.598654975
LIPID-P-0786,1.041508366,0.367354338
LIPID-P-0787,1.072647477,0.519726458
LIPID-P-0788,0.968965958,0.546409932
LIPID-P-0789,1.001979766,0.367354338
LIPID-P-0791,0.996513435,0.403782676
LIPID-P-0793,0.957187009,0.637049585
LIPID-P-0794,0.954355441,0.597773095
LIPID-P-0798,0.84746182,0.275247613
LIPID-P-0802,1.009918192,0.681430926
LIPID-P-0804,0.964252441,0.916969518
LIPID-P-0819,1.139596877,0.296373065
LIPID-P-0822,0.753280298,0.157445169
LIPID-P-0823,1.131917529,0.394520716
LIPID-P-0824,1.183276377,0.197029185
LIPID-P-0827,1.178650683,0.557299943
LIPID-P-0828,1.087971017,0.236603627
LIPID-P-0829,0.919660129,0.342035807
LIPID-P-0831,1.009028864,0.825542212
LIPID-P-0833,0.986507597,0.272230799
LIPID-P-0834,1.051057232,0.445783606
LIPID-P-0835,1.051096508,0.833359222
LIPID-P-0836,1.006736888,0.352456963
LIPID-P-0837,1.009360483,0.544859715
LIPID-P-0842,0.916989175,0.310298227
LIPID-P-0845,0.879998377,0.196620537
LIPID-P-0846,0.912479601,0.212645462
LIPID-P-0848,0.879999052,0.153004046
LIPID-P-0849,0.912854926,0.175153936
LIPID-P-0851,1.200302012,0.486882455
LIPID-P-0852,0.90742139,0.145672957
LIPID-P-0853,0.785380673,0.095868088
LIPID-P-0858,0.62304491,0.057809428
LIPID-P-0880,0.657420135,0.07555336
LIPID-P-0884,1.17088154,0.544859715
LIPID-P-0885,0.97538186,0.134171054
LIPID-P-0886,0.838055034,0.106669885
LIPID-P-0893,0.871147232,0.134171054
LIPID-P-0894,1.040007748,0.342035807
LIPID-P-0898,0.852993035,0.105263239
LIPID-P-0900,0.942804649,0.212667101
LIPID-P-0901,0.924419674,0.367354338
LIPID-P-0902,0.875839103,0.210814315
LIPID-P-0904,0.929253546,0.344620072
LIPID-P-0906,1.024568678,0.88082776
LIPID-P-0907,0.849781005,0.133998477
LIPID-P-0908,0.879718441,0.203923969
LIPID-P-0911,0.911168005,0.334745451
LIPID-P-0913,0.919121657,0.320024765
LIPID-P-0915,0.902885309,0.29239601
LIPID-P-0917,0.885720034,0.219468118
LIPID-P-0918,0.997090423,0.542331337
LIPID-P-0921,0.829237155,0.078808503
LIPID-P-0922,0.875804487,0.174479298
LIPID-P-0924,0.907687972,0.294612263
LIPID-P-0925,0.958287704,0.409874057
LIPID-P-0933,0.968402133,0.249088312
LIPID-P-0935,1.328305197,0.916969518
LIPID-P-0936,0.600523937,0.05591087
LIPID-P-0955,1.061444724,0.429196872
LIPID-P-0956,0.885244086,0.144925425
LIPID-P-0957,0.99676172,0.260661083
LIPID-P-0961,0.927985565,0.170504965
LIPID-P-0962,0.920187089,0.125517956
LIPID-P-0965,0.80707531,0.134171054
LIPID-P-0968,0.966451659,0.637049585
LIPID-P-0970,0.95361799,0.519726458
LIPID-P-0971,0.9088456,0.345418603
LIPID-P-0972,0.918077841,0.307260991
LIPID-P-0973,0.887096682,0.234279415
LIPID-P-0974,1.008844188,0.903233624
LIPID-P-0977,0.954858999,0.617094705
LIPID-P-0978,0.850457859,0.074186956
LIPID-P-0979,0.887010871,0.236603627
LIPID-P-0981,0.995777266,0.782484224
LIPID-P-0982,0.869120631,0.120074093
LIPID-P-0983,0.914859974,0.342664188
LIPID-P-0984,0.859862576,0.381295241
LIPID-P-0987,0.807144671,0.021623721
LIPID-P-0988,0.873801064,0.122472709
LIPID-P-0991,0.887899091,0.186723836
LIPID-P-0994,0.848439786,0.148328703
LIPID-P-0999,0.940409294,0.281266052
LIPID-P-1000,1.054838555,0.757795037
LIPID-P-1001,0.824545482,0.034034334
LIPID-P-1026,0.621966435,0.064895043
LIPID-P-1028,0.913937015,0.255455556
LIPID-P-1029,0.848896081,0.249088312
LIPID-P-1030,1.011631444,0.544859715
LIPID-P-1031,0.720315375,0.064895043
LIPID-P-1032,0.851448423,0.187211347
LIPID-P-1033,1.006545997,0.544859715
LIPID-P-1036,0.811615341,0.080630617
LIPID-P-1037,1.053228042,0.991870128
LIPID-P-1040,0.975387414,0.699383297
LIPID-P-1042,0.805663679,0.032693802
LIPID-P-1043,0.954855633,0.554756486
LIPID-P-1046,0.983595312,0.768571707
LIPID-P-1048,0.891230603,0.096111846
LIPID-P-1052,0.827034937,0.056457829
LIPID-P-1056,0.765606909,0.023892189
LIPID-P-1060,0.903213403,0.180812147
LIPID-P-1061,0.883995699,0.27538468
LIPID-P-1062,0.843459477,0.051272843
LIPID-P-1068,1.058860684,0.82042131
LIPID-P-1082,0.757602715,0.12461116
LIPID-P-1086,1.001668858,0.827879265
LIPID-P-1087,0.795547316,0.12461116
LIPID-P-1088,0.801000598,0.17217119
LIPID-P-1089,0.921932054,0.569326253
LIPID-P-1090,0.947297776,0.623183159
LIPID-P-1092,0.783998829,0.043272475
LIPID-P-1094,0.8502496,0.137446903
LIPID-P-1095,0.920673952,0.557299943
LIPID-P-1096,0.878400556,0.260661083
LIPID-P-1097,0.901640707,0.337123297
LIPID-P-1098,1.051560713,0.934727346
LIPID-P-1099,0.878789199,0.260661083
LIPID-P-1101,0.830368373,0.053995384
LIPID-P-1102,0.975320756,0.795876159
LIPID-P-1104,0.823796615,0.125517956
LIPID-P-1105,0.971357919,0.799477862
LIPID-P-1106,1.082422169,0.342664188
LIPID-P-1109,0.783466491,0.040368177
LIPID-P-1113,0.926414157,0.334745451
LIPID-P-1114,1.006061303,0.981575239
LIPID-P-1116,0.867533739,0.067735395
LIPID-P-1117,0.864737462,0.320227094
LIPID-P-1129,0.860650958,0.260413499
LIPID-P-1132,0.763647427,0.17217119
LIPID-P-1135,0.883749989,0.439882365
LIPID-P-1137,0.84352798,0.2433835
LIPID-P-1138,0.993155436,0.84159994
LIPID-P-1139,0.802451716,0.107825737
LIPID-P-1141,0.831352676,0.218639173
LIPID-P-1145,1.064817433,0.761742989
LIPID-P-1146,0.791573746,0.133998477
LIPID-P-1149,0.905862506,0.265725394
LIPID-P-1151,0.788503756,0.053761267
LIPID-P-1152,0.975882881,0.933664077
LIPID-P-1157,0.866715599,0.079605965
LIPID-P-1164,0.857654762,0.428974982
LIPID-P-1170,0.863834036,0.369104818
LIPID-P-1171,0.842787116,0.219331399
LIPID-P-1172,0.938220522,0.534074408
LIPID-P-1173,0.79234494,0.21780704
LIPID-P-1174,0.740878695,0.028178675
LIPID-P-1176,0.939944411,0.419203002
LIPID-P-1177,0.782929316,0.051272843
LIPID-P-1180,0.709236699,0.026709445
LIPID-P-1181,0.751404737,0.021899609
LIPID-P-1182,0.913543122,0.623183159
LIPID-P-1183,0.983894307,0.82042131
LIPID-P-1196,0.812228415,0.394146454
LIPID-P-1197,0.719696294,0.043484435
LIPID-P-1200,0.748302878,0.03256779
LIPID-P-1202,0.729069352,0.020562473
LIPID-P-1204,0.959895593,0.613758563
LIPID-P-1205,0.907176064,0.226558917
LIPID-P-1206,0.795214126,0.05591087
LIPID-P-1212,0.856859509,0.494238898
LIPID-P-1215,0.749117487,0.053163223
LIPID-P-1216,0.87728304,0.516453195
LIPID-P-1217,0.788946186,0.060212432
LIPID-P-1218,0.983249127,0.858891254
LIPID-P-1219,0.896887282,0.310261044
LIPID-P-1224,0.767523369,0.299502161
LIPID-P-1226,0.695579152,0.034034334
LIPID-P-1227,0.694577347,0.035981938
LIPID-P-1233,0.689566261,0.068832574
